,Konclude,TrOWL,leancor
ore2014/files/approximated_66246ec2-286f-4f58-9ecd-a6e521ccf9b2_richard.rdf_functional.owl,false,false,false
ore2014/files/66246ec2-286f-4f58-9ecd-a6e521ccf9b2_richard.rdf_functional.owl,false,false,false
ore2014/files/00478.owl_functional.owl,false,false,false
ore2014/files/d91806f3-5470-4b24-8adb-d2e17512028f_function_1.owl_functional.owl,false,false,false
ore2014/files/internano.internano-nanomanufacturing-taxonomy.123.owl.xml_functional.owl,false,false,false
ore2014/files/fc9d0e03-04c3-455f-b15c-90d98cf06bf0_OID_import.owl_functional.owl,false,false,false
ore2014/files/approximated_12cc88b8-987e-4b15-8a46-2909d01cc984_EO.owl_functional.owl,false,false,false
ore2014/files/2588d1d0-2429-4c19-8bc2-2cbd0d361963_o_external.owl_functional.owl,false,false,false
ore2014/files/approximated_00691.owl_functional.owl,false,false,false
ore2014/files/71278021-2b7a-406d-9486-73f0367f4517_ha_1_final.rdf_functional.owl,false,false,false
ore2014/files/c669669d-7a04-410c-9474-1f6e46230556_BioLinks.owl_functional.owl,false,false,false
ore2014/files/43312838-34dc-48a0-b88d-dce08d1b80f7_ACMCSS.rdf_functional.owl,false,false,false
ore2014/files/nmosp.neuromorphoorg-species-ontology.3.owl.xml_functional.owl,false,false,false
ore2014/files/71194406-1320-4a35-bae6-1a6062dec5e5_s_biology.owl2_functional.owl,false,false,false
ore2014/files/approximated_kb-owl-syntax-unraveled-depth-0-cardinalities-disjointness-triggers-constant-classes-value-classes.ofn_functional.owl,false,false,false
ore2014/files/approximated_b06e6d66-526e-404b-a29f-42a718dd0ff2_onstraints.rdf_functional.owl,false,false,false
ore2014/files/00549.owl_functional.owl,false,false,false
ore2014/files/dc5f955e-2cce-4045-94e9-a005e287a311_doc15.rdf_functional.owl,false,false,false
ore2014/files/812f771a-df0a-4326-b234-1ed28b255fd3_protlabels.obo_functional.owl,false,false,false
ore2014/files/1d4c57b7-cbfb-4332-a588-7bc6c1544119_imitive1.0.owl_functional.owl,false,false,false
ore2014/files/00671.owl_functional.owl,false,false,false
ore2014/files/approximated_00467.owl_functional.owl,false,false,false
ore2014/files/48bcd8d8-edcc-485c-b5ae-8b0324bd57e7_kupodisease.owl_functional.owl,false,false,false
ore2014/files/45e76ee3-e223-48af-a57e-9f01044f0056_s_DAG_0_99.owl_functional.owl,false,false,false
ore2014/files/immdis.immune-disorder-ontology.1.owl.xml_functional.owl,false,false,false
ore2014/files/approximated_00692.owl_functional.owl,false,false,false
ore2014/files/881a8842-6925-4543-b935-ac529b9fadf1_onedsmall.rdfs_functional.owl,false,false,false
ore2014/files/37655913-5760-4cc7-930b-1bcc44039b01_tap.rdf_functional.owl,false,false,false
ore2014/files/09a5e9d1-e13d-414e-b7ae-7bd1a71ca15c_nFramework.owl_functional.owl,false,false,false
ore2014/files/6b6301da-b431-4b5b-a003-371a0a2e36b5_sportSoccer.owl_functional.owl,false,false,false
ore2014/files/approximated_9413a25f-fca6-496e-a121-bbb548504579_skeleton.owl_functional.owl,false,false,false
ore2014/files/1679abf2-c813-4b90-980e-6a77581b5f05_y.obo.PREVIOUS_functional.owl,false,false,false
ore2014/files/756d4706-697f-452e-99cd-dbf32081601a__ontology.owl2_functional.owl,false,false,false
ore2014/files/1c844358-6511-4960-bbed-f721da408d4a_factbookont_functional.owl,false,false,false
ore2014/files/bno.bionutrition-ontology.2.owl.xml_functional.owl,false,false,false
ore2014/files/449e618d-6e36-4068-b415-240b7e379d22_culusensfm.owl_functional.owl,false,false,false
ore2014/files/87e23548-086c-4f68-89be-37a8a40fd540_output1.owl_functional.owl,false,false,false
ore2014/files/approximated_05cef0ca-8f79-453a-90f8-6267336b6cca__phenotype.owl_functional.owl,false,false,false
ore2014/files/00076.owl_functional.owl,false,false,true
ore2014/files/59c2a3d4-020a-4a2a-8b2f-a9a9c096e102_HP.obo_functional.owl,false,false,false
ore2014/files/cbf64c86-43ed-4476-8bb3-10574675648b_openGalen.owl_functional.owl,false,false,false
ore2014/files/approximated_25949751-1d83-49d6-b85c-4d134e9b1993_Country.daml_functional.owl,false,false,false
ore2014/files/4b9cbbe9-fe50-4102-bc33-18996083982e_csontology.owl_functional.owl,false,false,false
ore2014/files/ad8dcf7b-e391-4649-9269-2a4b914bcd67_05003175s2.owl_functional.owl,false,false,false
ore2014/files/4b601286-ee1c-4cd0-b0a5-7bc39a8f14e0_ies_bridge.obo_functional.owl,false,false,false
ore2014/files/3b4771ff-4697-4b92-8123-827d4a0593ea_taxonomy.owl_functional.owl,false,false,false
ore2014/files/ba4089c6-1a4a-443d-a899-0db878457501_BRInferred.owl_functional.owl,false,false,false
ore2014/files/00456.owl_functional.owl,false,false,false
ore2014/files/a373c48f-bcd6-45e8-845f-6ca6c9f92337_reriochrom.owl_functional.owl,false,false,false
ore2014/files/0236fd90-bb5c-4c11-ac91-d3be2fa17611_es_bridge.owl2_functional.owl,false,false,false
ore2014/files/approximated_kb-owl-syntax-unraveled-depth-0-triggers-constant-classes-value-nominals.ofn_functional.owl,false,false,false
ore2014/files/0cec5da9-f8b6-46ca-bfea-d7480197c791_earthrealm.rdf_functional.owl,false,false,false
ore2014/files/9192d403-e4b4-4a77-ab24-e75b66be0e73_EV_functional.owl,false,false,false
ore2014/files/e32b6c51-d400-4298-b88f-70692d819ba4_func.owl_functional.owl,false,false,false
ore2014/files/00672.owl_functional.owl,false,false,false
ore2014/files/82bffb7c-a66b-4030-b6fe-7acab0401872_substance.rdf_functional.owl,false,false,false
ore2014/files/3f1ced30-9d74-4312-9912-33faea982172_imitive2.0.owl_functional.owl,false,false,false
ore2014/files/a770643a-3a33-4581-b206-24df36f501de_sepsimple.owl_functional.owl,false,false,false
ore2014/files/53d979de-8e9e-4293-aed9-4e4b771cd2b9_condition_5.owl_functional.owl,false,false,false
ore2014/files/cf952362-c1bd-4e77-b1bc-f861be1b9769_tc8540.owl_functional.owl,false,false,false
ore2014/files/5a546266-6d7d-439e-b41c-aa9cc99350ef_protlabels.owl_functional.owl,false,false,false
ore2014/files/58eb3156-d6a5-454d-bdc4-90451e9f740f_HP_functional.owl,false,false,false
ore2014/files/6e738d26-b8a7-484d-9739-045c8fb75aea_us_functional.owl,false,false,false
ore2014/files/13b4266c-a942-4cde-9ba0-d8f7a030fb8f_CVW3CTalks.rdf_functional.owl,false,false,false
ore2014/files/82418f21-2ce4-44ca-92f1-450cf2661732_plants_TREE.owl_functional.owl,false,false,false
ore2014/files/dec31969-74ab-4636-b9e3-2f673cc7b83a_sumonew.owl_functional.owl,false,false,false
ore2014/files/approximated_1e55d681-a13e-49db-b995-d1438007c648_y_taxonomy.owl_functional.owl,false,false,false
ore2014/files/55e57af3-069e-49ef-9e13-d109bc8a4436_e_ontology.owl_functional.owl,false,false,false
ore2014/files/hugo.human-genome-organization-gene-symbols.3.owl.xml_functional.owl,false,false,false
ore2014/files/f0851e7e-ca96-4e94-86de-b229a27fedd5_nOntology.rdfs_functional.owl,false,false,false
ore2014/files/8cd3e7ca-e898-485e-9fbf-e7c43bd5edd5_chebisimple.obo_functional.owl,false,false,false
ore2014/files/03d08800-8a69-4aa1-9857-90813d251be8_imitive1.0.owl_functional.owl,false,false,false
ore2014/files/approximated_7255322a-fa59-4d59-bc2d-359b4d17deb7_mecv.owl_functional.owl,false,false,false
ore2014/files/c013a770-9858-4879-85c4-f707812c6f81_Taxonomy.owl_functional.owl,false,false,false
ore2014/files/approximated_syn.sage-bionetworks-synapse-ontology.3.owl.xml_functional.owl,false,false,false
ore2014/files/phenx.phenx-phenotypic-terms.10.owl.xml_functional.owl,false,false,false
ore2014/files/f9d76293-60b9-4cac-8e73-dd977b5314c6_FPROBridge.owl_functional.owl,false,false,false
ore2014/files/8309fa38-4653-46e9-ae2d-1d1202c63c20_theme.owl_functional.owl,false,false,false
ore2014/files/56bcd907-a696-489d-ac44-5df521df3c60_theme.owl_functional.owl,false,false,false
ore2014/files/ef4bd609-955d-4aaa-97b5-783f205aec7d_enceDirect.owl_functional.owl,false,false,false
ore2014/files/00691.owl_functional.owl,false,false,false
ore2014/files/4cc438d3-cc07-402f-ba30-2aceac2dd268_protlabels.obo_functional.owl,false,false,false
ore2014/files/8a707c21-9784-4524-b8f7-8f27f66b0dd5_localumls.owl_functional.owl,false,false,false
ore2014/files/approximated_00361.owl_functional.owl,false,false,false
ore2014/files/00466.owl_functional.owl,false,false,false
ore2014/files/approximated_kb-owl-syntax-unraveled-depth-0-km-relevant-cardinalities-disjointness-triggers-constant-classes-value-classes.ofn_functional.owl,false,false,false
ore2014/files/approximated_e4ab4824-7a57-4467-9ff8-1f759b223bdc_schema.owl_functional.owl,false,false,false
ore2014/files/approximated_ad8735f1-9e26-4942-aab8-21b056939a89__phenotype.owl_functional.owl,false,false,false
ore2014/files/approximated_d0ded12f-0a03-4c16-9784-39f0ae56e7ff_kyamk.owl_functional.owl,false,false,true
ore2014/files/85df151d-10dc-4c89-8bbf-43b9c39080b0_SBO_functional.owl,false,false,false
ore2014/files/approximated_51bb7cb2-e990-4a5b-bc9c-743ef7081e15__phenotype.owl_functional.owl,false,false,false
ore2014/files/db609e4a-98a0-49ec-8bbd-be494fe5cb5b_t_taxonomy.obo_functional.owl,false,false,false
ore2014/files/approximated_kb-owl-syntax-unraveled-depth-0-disjointness-triggers.ofn_functional.owl,false,false,false
ore2014/files/057f47fd-45a4-4f88-8f5b-fad1a26b4c24_mmo.owl_functional.owl,false,false,false
ore2014/files/33086dde-d0d0-4b96-9871-d3579e349e57_nalisensfm.owl_functional.owl,false,false,false
ore2014/files/09e56d2d-e978-40b2-ae38-7571c5bd69ae_instrument.owl_functional.owl,false,false,false
ore2014/files/b15cb30c-4105-40e4-ad76-15d36c9a3dfc_stimulus.owl_functional.owl,false,false,false
ore2014/files/e40d2f43-2d22-4acd-8e2b-33c1e6c2c7ff_classified.owl_functional.owl,false,false,false
ore2014/files/49cbd881-2b40-4dce-bcd9-d8008d983a28_ysfunction.obo_functional.owl,false,false,false
ore2014/files/approximated_fe654bb2-e8cb-47b5-9608-8d43597b25dd_functionsfn_functional.owl,false,false,false
ore2014/files/14982ced-aaf1-409d-a03d-d2ea1ea24f05_evelopment.owl_functional.owl,false,false,false
ore2014/files/137d2b40-ac32-4f8b-9901-3a34f4a77e5b_yposimple.obo_functional.owl,false,false,false
ore2014/files/approximated_e0c43086-8882-4b88-a104-de9d7a33cf16_domfi.owl_functional.owl,false,false,true
ore2014/files/bf1b9dcd-fed7-4970-8ebf-f8dc84a1f96e__GO_import.owl_functional.owl,false,false,false
ore2014/files/approximated_kb-owl-syntax-unraveled-depth-0-km-relevant-cardinalities-triggers.ofn_functional.owl,false,false,false
ore2014/files/approximated_b97e6c80-0e4a-4911-a6e4-9216ff9ea17b_sudoku9cx.owl_functional.owl,false,false,false
ore2014/files/approximated_kb-owl-syntax-unraveled-depth-0-km-relevant-cardinalities-disjointness-triggers.ofn_functional.owl,false,false,false
ore2014/files/47d90165-631c-4248-a984-3a28830f5073_protlabels.owl_functional.owl,false,false,false
ore2014/files/00643.owl_functional.owl,false,false,false
ore2014/files/5a84343f-4ad6-42e6-b497-136563317fed_sbosimple.obo_functional.owl,false,false,false
ore2014/files/d59f8314-5bcb-410f-a1f5-d5cd2c741577_e.obo.PREVIOUS_functional.owl,false,false,false
ore2014/files/01951143-a1ee-44e6-93eb-0b82c695c0e4_gumo.owl_functional.owl,false,false,false
ore2014/files/05e21cac-d2a1-467c-bbe9-97c568663d68_10090.rdf_functional.owl,false,false,false
ore2014/files/approximated_fb011d14-3491-41cd-b27c-f47ce8dc1f46_AOIMv1.0.n3_functional.owl,false,false,false
ore2014/files/1087ecda-74d6-4676-99c1-ae4157e4cc8d_classified.obo_functional.owl,false,false,false
ore2014/files/ifar.fanconi-anemia-ontology.5.owl.xml_functional.owl,false,false,false
ore2014/files/asdpto.autism-spectrum-disorder-phenotype-ontology.1.owl.xml_functional.owl,false,false,false
ore2014/files/96978e77-9030-4f9c-84ce-c63a7cb34225__pombetype.owl_functional.owl,false,false,false
ore2014/files/52255ee6-d98a-4181-9cf2-17092d8177bf_ysfunction.owl_functional.owl,false,false,false
ore2014/files/8fc0c4ef-62df-45b5-9279-61c923399044_59_dataset.owl_functional.owl,false,false,false
ore2014/files/approximated_4dcce784-b7c8-4820-b3d4-a5880a85fba6_19115codes.owl_functional.owl,false,false,false
ore2014/files/approximated_4881c510-be9f-48bc-b503-ce965aec73b5_00499.owl_functional.owl,false,false,false
ore2014/files/8f80081c-c258-466b-a9f5-efa4b5610fb3_seontology.owl_functional.owl,false,false,false
ore2014/files/9719991a-1f5c-4af3-a9ad-5c1629157f56_NIFChemical.owl_functional.owl,false,false,false
ore2014/files/00455.owl_functional.owl,false,false,false
ore2014/files/hl7.health-level-seven-reference-implementation-model-version-3.3.owl.xml_functional.owl,false,false,false
ore2014/files/approximated_00567.owl_functional.owl,false,false,false
ore2014/files/ae9fb993-34ce-475f-ba37-cf68085c39a4_lgtl.rdfs_functional.owl,false,false,false
ore2014/files/2a7131af-1db7-4fe2-93d2-d5fa5f721622_GOCCBridge.owl_functional.owl,false,false,false
ore2014/files/approximated_a889234c-d8d4-4255-a42a-da52583c099a__versa_new.rdf_functional.owl,false,false,false
ore2014/files/approximated_545cf85b-267f-4ca7-8bd2-80f8282da824_8456544745.rdf_functional.owl,false,false,false
ore2014/files/9bf562f2-96ef-4a59-9617-371c1d90a0c8_gallustype.owl_functional.owl,false,false,false
ore2014/files/258bcc3c-ed5e-46aa-8174-36100df973ca_hpsimple.obo_functional.owl,false,false,false
ore2014/files/07a17151-c37f-4e93-9e65-2c459e27183c_EBI_import.owl_functional.owl,false,false,false
ore2014/files/00467.owl_functional.owl,false,false,false
ore2014/files/f248f15a-b996-4ac7-ad65-c4c07a3aab3f_tissueinfo.owl_functional.owl,false,false,false
ore2014/files/a60b293e-622d-44aa-b774-eb6bdd101fc4_hp.owl_functional.owl,false,false,false
ore2014/files/approximated_1f131286-0fa9-43e8-a0fb-b7798b7c1476_sasclasses.owl_functional.owl,false,false,false
ore2014/files/911b5189-69d6-459c-8fee-c5ef9e540079_xon_import.owl_functional.owl,false,false,false
ore2014/files/d0c6d3c4-7482-4ab7-9097-dba7f1ac5988_OID_import.owl_functional.owl,false,false,false
ore2014/files/3576cf9a-d2dd-4a90-aff6-215c4311e6d5_cto_obo.owl_functional.owl,false,false,false
ore2014/files/0075a29f-7bd0-4861-8b22-65a2c25ec039_vt.obo_functional.owl,false,false,false
ore2014/files/52962a04-852f-4d1a-bc4b-a001af44d964_seontology.owl_functional.owl,false,false,false
ore2014/files/approximated_00503.owl_functional.owl,false,false,false
ore2014/files/approximated_00434.owl_functional.owl,false,false,false
ore2014/files/43fcb822-c164-4c3e-bddb-6c3e1d7d6968_sculustype.obo_functional.owl,false,false,false
ore2014/files/f4342413-f689-4370-a8c3-b311414c326b_DOIDBridge.owl_functional.owl,false,false,false
ore2014/files/95628c30-1531-4f71-aacf-ea8f51025b1c_DMEntities.owl_functional.owl,false,false,true
ore2014/files/kb-owl-syntax-unraveled-depth-0-km-relevant-cardinalities.ofn_functional.owl,false,false,false
ore2014/files/approximated_02dfccba-f8d6-4418-84ed-1b02429c8867_wine.owl_functional.owl,false,false,false
ore2014/files/approximated_kb-owl-syntax-unraveled-depth-0-triggers.ofn_functional.owl,false,false,false
ore2014/files/49988d89-71b4-4bfa-8332-3b9c5f46feed_taxonomy.owl_functional.owl,false,false,false
ore2014/files/ddd6d023-65dd-429a-a01f-2784c1d61f65_WNAffect.owl_functional.owl,false,false,false
ore2014/files/doid.human-disease-ontology.402.owl.xml_functional.owl,false,false,false
ore2014/files/d2de1f4a-7c94-4c4c-956e-38b7a836b4ed_protlabels.obo_functional.owl,false,false,false
ore2014/files/approximated_kb-owl-syntax-unraveled-depth-0-km-relevant-cardinalities-disjointness-triggers-constant-classes-value-nominals.ofn_functional.owl,false,false,false
ore2014/files/bc82a626-dc52-4fac-af49-d3bc908161f8_watqualcore.owl_functional.owl,false,false,false
ore2014/files/approximated_kb-owl-syntax-unraveled-depth-0-km-relevant-cardinalities-triggers-constant-classes-value-nominals.ofn_functional.owl,false,false,false
ore2014/files/00567.owl_functional.owl,false,false,false
ore2014/files/6ab72720-f117-46bc-9cb6-56b7ea4dcae5_FTTv01.owl_functional.owl,false,false,false
ore2014/files/57acf32e-7c2e-42e9-811a-e81884e69f51_hp.owl_functional.owl,false,false,false
ore2014/files/00692.owl_functional.owl,false,false,false
ore2014/files/peco.plant-environmental-conditions.11.owl.xml_functional.owl,false,false,false
ore2014/files/04c27412-1ec9-4ca3-8d7b-4af522de50b2_doid.obo_functional.owl,false,false,false
ore2014/files/26790474-2bd5-45a8-85e5-0377bd4a6dfa_alisentrez.owl_functional.owl,false,false,false
ore2014/files/169fb41f-11ed-42c1-a889-28639b914711_asfa.owl_functional.owl,false,false,false
ore2014/files/approximated_faa65bfe-2600-4f7c-9a3c-5eeb674ce5bd_complex1.0.owl_functional.owl,false,false,false
ore2014/files/c6a85b6a-e05b-467e-a201-b3f3468a79e8_Property.rdf_functional.owl,false,false,false
ore2014/files/0b23c217-9a9d-430a-84a5-b5420dcbbd10_hp.owl_functional.owl,false,false,false
ore2014/files/961fafb9-60d7-481b-8b78-73ab49ca5bfc_iaepanther.owl_functional.owl,false,false,false
ore2014/files/cfb29d8a-dd22-4da8-b81c-01ce513a0c0d_kupodisease.owl_functional.owl,false,false,false
ore2014/files/09d2807f-d8a1-4e15-8fbe-d15627f469e7_a_symptom.owl2_functional.owl,false,false,false
ore2014/files/00453.owl_functional.owl,false,false,false
ore2014/files/157347ea-7f9d-40dd-b635-a3b83274df87_4802s1s2s1.owl_functional.owl,false,false,false
ore2014/files/co-wheat.wheat-trait-ontology.1.owl.xml_functional.owl,false,false,false
ore2014/files/5ca7188b-d141-4ca7-b61f-a8b2ced1356a_gcmdservice.owl_functional.owl,false,false,false
ore2014/files/c47304fa-a28c-4795-8dc2-c06654c4fe62_gicusensfm.owl_functional.owl,false,false,false
ore2014/files/approximated_00280.owl_functional.owl,false,false,false
ore2014/files/ogmd.ontology-of-glucose-metabolism-disorder.19.owl.xml_functional.owl,false,false,false
ore2014/files/approximated_d76745dd-e2bd-422d-aca5-55fb0bdd0c2a_spr_functional.owl,false,false,false
ore2014/files/approximated_f3488d00-fae9-46f0-a4e4-2439cb892c37_RXNO_OWL.owl_functional.owl,false,false,false
ore2014/files/2d00a1f4-6b78-423e-b788-aca98d53bf28_geon_themes.owl_functional.owl,false,false,false
ore2014/files/approximated_8b075aae-de78-4da8-ab82-5c5afbeab78f_leost_taxonomy_functional.owl,false,false,false
ore2014/files/4cc694e0-4438-4338-b44e-76a73ac4dcec_dontology.rdfs_functional.owl,false,false,false
ore2014/files/06a405d6-f348-4ba3-a8ad-bd66210fa433_us.owl_functional.owl,false,false,false
ore2014/files/approximated_36146747-a3f3-4e68-917c-68b680422665_LiA_100413.rdf_functional.owl,false,false,false
ore2014/files/263fc4d6-d2f2-43de-942d-87db0e88d001_easemodule.owl_functional.owl,false,false,false
ore2014/files/approximated_85df151d-10dc-4c89-8bbf-43b9c39080b0_SBO_functional.owl,false,false,false
ore2014/files/8bf60247-7ca8-486e-b2c8-c4646a2d9aec_cell.owl_functional.owl,false,false,false
ore2014/files/621303c6-c403-4fe4-b534-f59932ac8083_piensensfm.owl_functional.owl,false,false,false
ore2014/files/f23e4793-ead3-4f38-951d-1c12c63d5572__taxonomy.owl2_functional.owl,false,false,false
ore2014/files/5bc14acf-73cd-46fc-976a-db380540101c_data_center.owl_functional.owl,false,false,false
ore2014/files/0ca85c03-017a-4a62-b47d-82d1ae7c815a_4802s1s2s3.owl_functional.owl,false,false,false
ore2014/files/4d656633-2a50-494d-a263-4feb298442f7_siaeentrez.owl_functional.owl,false,false,false
ore2014/files/approximated_33ddb4c1-e788-4934-a482-5f9ac1164b2f_spra_functional.owl,false,false,false
ore2014/files/00303.owl_functional.owl,false,false,false
ore2014/files/0467fba4-c072-48bc-9c80-86db50415771_eo.owl_functional.owl,false,false,false
ore2014/files/00093.owl_functional.owl,false,false,false
ore2014/files/tto.teleost-taxonomy-ontology.43.owl.xml_functional.owl,false,false,false
ore2014/files/approximated_93ae159d-4b0f-4807-82ae-47f18b9a9148_food.owl_functional.owl,false,false,false
ore2014/files/37e67326-c921-46b9-9dc5-831c483b8e6e_Outline.owl_functional.owl,false,false,false
ore2014/files/507614f5-0606-4ee8-af67-c0ed815822c6_uosimple.obo_functional.owl,false,false,false
ore2014/files/34dde4d5-c21b-4eee-81f2-cba77445b687_icalobject.owl_functional.owl,false,false,true
ore2014/files/63a4907c-f852-4598-98dc-e71620b6a7b1_NIFResource.owl_functional.owl,false,false,false
ore2014/files/e45323ce-3eaf-4d88-a3fb-4636b5cf4257_figorg.owl_functional.owl,false,false,false
ore2014/files/227b0141-9524-4328-b956-b289a42467a3_usequivmod.owl_functional.owl,false,false,false
ore2014/files/approximated_00453.owl_functional.owl,false,false,false
ore2014/files/flopo.flora-phenotype-ontology.3.owl.xml_functional.owl,false,false,false
ore2014/files/6db72b64-5e51-4f54-b197-c70294d3f9c9_onInferred.owl_functional.owl,false,false,false
ore2014/files/d41142a6-be30-40e5-a5bb-82ab0b7031bc_imitive1.0.owl_functional.owl,false,false,false
ore2014/files/844cdbf2-dc80-4f98-a8cb-9b0033c14c8f_foot.owl_functional.owl,false,false,false
ore2014/files/efcf6587-77cb-4ab3-ab56-4d4c7e706302_hp.obo_functional.owl,false,false,false
ore2014/files/ac101702-4c3c-4dde-a173-762a9a0122db_phenotype.owl2_functional.owl,false,false,false
ore2014/files/479e1fd4-e79b-42d6-9056-63f9e2e43403_condition_1.owl_functional.owl,false,false,false
ore2014/files/mmo.measurement-method-ontology.42.owl.xml_functional.owl,false,false,false
ore2014/files/a6ecfabd-295e-4dfd-acbf-2167332f323a_gcmdscience.owl_functional.owl,false,false,false
ore2014/files/51d2a22f-8a0f-4fcd-9398-ea22284710f7_protlabels.obo_functional.owl,false,false,false
ore2014/files/086bc8fe-9648-4f9c-973e-88f33d5392a1_gastertype.owl_functional.owl,false,false,false
ore2014/files/bada3181-13fd-47a1-b83e-ac028f913221_isiaeensfm.owl_functional.owl,false,false,false
ore2014/files/f3488d00-fae9-46f0-a4e4-2439cb892c37_RXNO_OWL.owl_functional.owl,false,false,false
ore2014/files/3e4bc706-730f-43e5-8a5e-c7dc6eebe2a5_ographies.rdfs_functional.owl,false,false,false
ore2014/files/cd7ea228-575d-42f1-8c61-12f4998ed21b_O_mappings.owl_functional.owl,false,false,false
ore2014/files/8e31b2fa-a5f7-4bab-b9b6-f914e4420e73_er_science.owl_functional.owl,false,false,false
ore2014/files/157b84b3-05c5-449c-8d1e-6d35baf46b0f_lgcs.rdfs_functional.owl,false,false,false
ore2014/files/032ec1a0-864c-48d8-b381-cf2a152ec49a_oc.obo.CURRENT_functional.owl,false,false,false
ore2014/files/08c18558-c391-4b1f-84c6-3631d00c948f_protlabels.owl_functional.owl,false,false,false
ore2014/files/approximated_kb-owl-syntax-unraveled-depth-0-cardinalities-triggers-constant-classes-value-nominals.ofn_functional.owl,false,false,false
ore2014/files/085b1f67-63ec-4cab-95e9-3edf96c30fa1_eriofamily.owl_functional.owl,false,false,false
ore2014/files/c5d5db0f-effa-4a10-98fa-9c06285acb65_4802s1s2s2.owl_functional.owl,false,false,false
ore2014/files/4b917dd8-b7db-4ccc-818c-a90a51353e3d_naequivmod.owl_functional.owl,false,false,false
ore2014/files/0bfc3bd6-41f4-4d29-95fe-6e72a34ec3e4_visiaetype.owl_functional.owl,false,false,true
ore2014/files/birnlex.biomedical-informatics-research-network-project-lexicon.1.owl.xml_functional.owl,false,false,false
ore2014/files/031191c6-b4f6-46b7-bc5d-4755e3836523_fbspsimple.owl_functional.owl,false,false,false
ore2014/files/kb-owl-syntax-unraveled-depth-0-constant-classes-value-nominals.ofn_functional.owl,false,false,false
ore2014/files/689600ca-4a5f-43a4-9483-58415f627c66_ioequivmod.owl_functional.owl,false,false,false
ore2014/files/e08af18e-cf8d-4007-be9f-15434e0cd2d2_go_imports.owl_functional.owl,false,false,false
ore2014/files/19dad552-98b6-4366-b90f-368b4b05299d_descriptor.owl_functional.owl,false,false,false
ore2014/files/apo.ascomycete-phenotype-ontology.25.owl.xml_functional.owl,false,false,false
ore2014/files/1e55d681-a13e-49db-b995-d1438007c648_y_taxonomy.owl_functional.owl,false,false,false
ore2014/files/approximated_69c07f76-4b61-4534-9927-31ec4d8f5038_AAkeysv1.0.n3_functional.owl,false,false,false
ore2014/files/24254b04-9e07-4aea-b4c7-e037130f974b_dence_code.obo_functional.owl,false,false,false
ore2014/files/approximated_00478.owl_functional.owl,false,false,false
ore2014/files/approximated_csso.clinical-signs-and-symptoms-ontology.4.owl.xml_functional.owl,false,false,false
ore2014/files/e1f4360c-6052-4caa-a4de-4bb38321f897_gansentrez.owl_functional.owl,false,false,false
ore2014/files/1b99efff-7fdf-4fb3-8b01-9d8ab2efc8f1_3702.rdf_functional.owl,false,false,false
ore2014/files/approximated_kb-owl-syntax-unraveled-depth-0-cardinalities-triggers.ofn_functional.owl,false,false,false
ore2014/files/dba3f924-7913-4470-8536-0fe9a57793ca_ysfunction.obo_functional.owl,false,false,false
ore2014/files/3003eefc-3bfd-414c-bc79-456ac05dfa9e_piensensfm.obo_functional.owl,false,false,false
ore2014/files/approximated_cca58b06-774c-4b2c-9e97-998c039b9f5c_dence_code.owl_functional.owl,false,false,false
ore2014/files/approximated_00647.owl_functional.owl,false,false,false
ore2014/files/0dbdc7a2-b0c1-45db-ad1c-224ecd5e7223_calischrom.owl_functional.owl,false,false,false
ore2014/files/approximated_d0e44828-b51d-4469-a4d2-31734d237777_lary_assay.owl_functional.owl,false,false,false
ore2014/files/approximated_1911642a-c7ce-4296-b89c-6607750bb07d_riopthrids.owl_functional.owl,false,false,false
ore2014/files/3a5a6441-e022-4fd4-8c10-7affdd72d5a2_aeequivmod.owl_functional.owl,false,false,true
ore2014/files/b7b37b83-c9f7-481c-b3fa-5a04a0f3903d_protlabels.obo_functional.owl,false,false,false
ore2014/files/approximated_49be6fe8-8651-401f-999a-015d9131ccb8_na_symptom.owl_functional.owl,false,false,false
ore2014/files/ae629bff-dc93-4b7c-8076-86454be56fe8_ACMCSS.owl_functional.owl,false,false,false
ore2014/files/approximated_00568.owl_functional.owl,false,false,false
ore2014/files/1b0f7276-4481-4ccd-a269-56d1edc49c3b_ianaentrez.owl_functional.owl,false,false,false
ore2014/files/6212f2de-1a0e-4906-a1ad-9cbeb912f066_inferences.owl_functional.owl,false,false,false
ore2014/files/approximated_e4f4010d-c6a2-4fbb-b76d-3b75f3f0ba00_all.rdf_functional.owl,false,false,false
ore2014/files/approximated_00455.owl_functional.owl,false,false,false
ore2014/files/approximated_58eb3156-d6a5-454d-bdc4-90451e9f740f_HP_functional.owl,false,false,false
ore2014/files/63c11dda-e6d7-4e4f-a243-a8a5892ba5cb_imeContent.owl_functional.owl,false,false,false
ore2014/files/1b45125c-0cc2-4964-99f4-846ae2ccf529_seontology.owl_functional.owl,false,false,false
ore2014/files/approximated_0e7c85d3-5d17-454e-8177-a833127d9c0e_wine.owl_functional.owl,false,false,false
ore2014/files/57c94444-63d7-4aa6-b656-be2afa4a06c7_phenotype.owl2_functional.owl,false,false,false
ore2014/files/e3fc5540-c436-4e5e-8865-3ae0795837f2_usequivmod.owl_functional.owl,false,false,false
ore2014/files/ff5266b2-48fe-454e-8336-6ae2b6971c08_inc.rdfxml.owl_functional.owl,false,false,false
ore2014/files/92817fd0-4f78-4d75-84a7-74c17a6865c9_taxonomy.owl_functional.owl,false,false,false
ore2014/files/approximated_8ee62619-f819-4151-bd4d-ffe86b775e2e_Sweto_v2_3.rdfs_functional.owl,false,false,false
ore2014/files/5a12636d-3302-4e2f-8dda-aae8e9065fc0_ysfunction.owl_functional.owl,false,false,false
ore2014/files/356d962d-4302-443a-beca-84a2574f46ef_xamplefull.rdf_functional.owl,false,false,false
ore2014/files/4dbb2c36-7e5c-4e41-b892-2fa84063f012_gansfamily.owl_functional.owl,false,false,false
ore2014/files/4f5642ce-30b6-4379-8da5-f82ab0c79c67_chebilite.obo_functional.owl,false,false,false
ore2014/files/76b528aa-fe0c-47cb-9268-48bb9738160e__phenotype.obo_functional.owl,false,false,false
ore2014/files/f1c4f89c-8ac6-4acb-83f7-d9c5a3900e87_pienschrom.owl_functional.owl,false,false,false
ore2014/files/8bb52e11-6781-4057-b205-99c8f936b658_protlabels.owl_functional.owl,false,false,false
ore2014/files/approximated_1d35b4fa-9812-44d0-adf9-68cde31d8273_SYMP_functional.owl,false,false,false
ore2014/files/csso.clinical-signs-and-symptoms-ontology.4.owl.xml_functional.owl,false,false,false
ore2014/files/12cc88b8-987e-4b15-8a46-2909d01cc984_EO.owl_functional.owl,false,false,false
ore2014/files/ece63562-acf1-43ec-9a20-d798b9ec6c72_i_organism.obo_functional.owl,false,false,false
ore2014/files/53c1e890-09c7-4789-a3e7-32a3d53dadbb_ntInferred.owl_functional.owl,false,false,false
ore2014/files/00ab0f05-e76c-463d-bfa9-79f4e2b9949f__reriotype.owl_functional.owl,false,false,false
ore2014/files/c282eb66-ea7c-4da1-a027-8a76286130e8_Chemical_1.owl_functional.owl,false,false,false
ore2014/files/d0ded12f-0a03-4c16-9784-39f0ae56e7ff_kyamk.owl_functional.owl,false,false,true
ore2014/files/d31b8bc3-dac3-4a99-9ca4-091647f37eb5_ologies_bridge_functional.owl,false,false,false
ore2014/files/06cc1275-8160-4da6-966f-a2b135d920f9_hp.obo_functional.owl,false,false,false
ore2014/files/approximated_00456.owl_functional.owl,false,false,false
ore2014/files/approximated_0863b2c2-8cf2-462e-831e-87468730b22f_food.owl_functional.owl,false,false,false
ore2014/files/01020666-768a-494d-bfda-6d9a4eedaf52_enspanther.owl_functional.owl,false,false,false
ore2014/files/0dd76a43-d53e-4e3f-95c3-0bf86478ad5f_classified.owl_functional.owl,false,false,false
ore2014/files/eed3f51a-1a2b-415c-be9e-ad364ee155c0_egicustype.owl_functional.owl,false,false,false
ore2014/files/7f760c77-b8d2-4569-85fd-28d38ad6980c_Ontology03.owl_functional.owl,false,false,true
ore2014/files/4ae895cb-c4dc-4063-9094-ad1c5c293170__phenotype.owl_functional.owl,false,false,false
ore2014/files/approximated_00466.owl_functional.owl,false,false,false
ore2014/files/approximated_bf0757de-7674-4c09-a111-d318be2ee51a_schemaorg.owl_functional.owl,false,false,false
ore2014/files/approximated_00499.owl_functional.owl,false,false,false
ore2014/files/29ec7b48-01e8-4d7a-8ec2-643f6ac00eac_calisensfm.owl_functional.owl,false,false,false
ore2014/files/approximated_kb-owl-syntax-unraveled-depth-0-disjointness-triggers-constant-classes-value-classes.ofn_functional.owl,false,false,false
ore2014/files/060d1a69-aeaa-4b91-996a-628b2efa9d60_ry_biology.owl_functional.owl,false,false,false
ore2014/files/14233960-0c0b-4d11-a337-a1b2cafd283f_animals.rdf_functional.owl,false,false,false
ore2014/files/pathlex.anatomic-pathology-lexicon.5.owl.xml_functional.owl,false,false,false
ore2014/files/0f1b5947-7487-4cc3-b616-02dbef3e78a1_t_ontology.obo_functional.owl,false,false,false
ore2014/files/e364d4ce-8998-4d4c-83c4-60e91cc11b83_msc.rdf_functional.owl,false,false,false
ore2014/files/407b3da6-8789-45c0-b20c-389e5c2952c8_hp.obo_functional.owl,false,false,false
ore2014/files/07b4edf0-5daa-4233-9f6d-d25487c600e3__phenotype.obo_functional.owl,false,false,false
ore2014/files/9584f359-72cc-4c32-9560-36c5e4f405ba_asfanttbox.owl_functional.owl,false,false,false
ore2014/files/22603362-d400-4306-8b6b-b742cb9df2f6_ysfunction.owl_functional.owl,false,false,false
ore2014/files/approximated_4ae895cb-c4dc-4063-9094-ad1c5c293170__phenotype.owl_functional.owl,false,false,false
ore2014/files/49be6fe8-8651-401f-999a-015d9131ccb8_na_symptom.owl_functional.owl,false,false,false
ore2014/files/a310adc8-07d2-4b73-b4a0-161f31ff55ce_condition_4.owl_functional.owl,false,false,false
ore2014/files/9ae37d93-4a63-4a93-8005-bc5f3a021495_luspanther.owl_functional.owl,false,false,false
ore2014/files/approximated_030693d5-82aa-40eb-88d4-48a9d5fdbcbb_t_taxonomy.owl_functional.owl,false,false,false
ore2014/files/bhn.biologie-hors-nomenclature.1.owl.xml_functional.owl,false,false,false
ore2014/files/approximated_00643.owl_functional.owl,false,false,false
ore2014/files/e31e4754-655e-48fa-83dc-6076b77b0c4d_us_functional.owl,false,false,false
ore2014/files/approximated_99bba4d3-6998-48b7-a1ed-a334016cdb7c_doc16.rdf_functional.owl,false,false,false
ore2014/files/da52e6c0-2717-40c5-a198-354db04f6c38_erequivmod.owl_functional.owl,false,false,false
ore2014/files/12b840f1-3551-4306-9a17-62b4f221765f_ccs.rdf_functional.owl,false,false,false
ore2014/files/fb011d14-3491-41cd-b27c-f47ce8dc1f46_AOIMv1.0.n3_functional.owl,false,false,false
ore2014/files/approximated_1d4036de-9387-4883-a048-24ca6a437f23_umlssn.owl_functional.owl,false,false,false
ore2014/files/approximated_92cd611e-1a32-4374-9a97-3170f09b3028_spl_functional.owl,false,false,false
ore2014/files/4af93cf9-923a-4098-acdc-5a28486868dc_mo_sapiens.owl_functional.owl,false,false,false
ore2014/files/066043ed-e67a-4576-86e5-6440bb9a3a7f_hpmerged.obo_functional.owl,false,false,false
ore2014/files/00503.owl_functional.owl,false,false,false
ore2014/files/cc00f2b7-029e-49bc-adc8-8fd25538b524_classes.owl_functional.owl,false,false,false
ore2014/files/535ee6ca-1d21-49ed-b743-c18ee4b1b14d_urbaen.owl_functional.owl,false,false,false
ore2014/files/3ea7074d-dd75-4e4a-8eaf-508ccc5c0fb0_odeClasses.owl_functional.owl,false,false,false
ore2014/files/approximated_0114a86b-8bbc-405d-8663-609831436cc3__phenotype.owl_functional.owl,false,false,false
ore2014/files/approximated_00303.owl_functional.owl,false,false,false
ore2014/files/fe701538-532f-44b4-aade-983d6adc8f5f_imitive2.0.owl_functional.owl,false,false,false
ore2014/files/a45fd058-5cb5-48f7-bdad-b7a762b9b9a2_ysfunction.owl_functional.owl,false,false,false
ore2014/files/4c01c467-3ccc-47c6-bc4f-1fdb5afbf988_luspanther.owl_functional.owl,false,false,false
ore2014/files/5075fbb1-15ec-4917-a161-014f7aecd29b_ulusfamily.owl_functional.owl,false,false,false
ore2014/files/15c26c24-6bff-496f-b6fe-49270e2598ba_meshonto.owl_functional.owl,false,false,true
ore2014/files/8ee7a7f5-ad8c-4ac5-afbe-207e3ff285c8_HARMONISE.owl_functional.owl,false,false,false
ore2014/files/approximated_854d174e-d84a-4477-b3ca-c140762933f9_httpheaders.rdf_functional.owl,false,false,false
ore2014/files/dec8903d-7933-4f80-b903-f765983da6e7_gams.rdf_functional.owl,false,false,false
ore2014/files/3c57bcdc-f50b-4109-ae15-65fc2daca9b4_sterfamily.owl_functional.owl,false,false,false
ore2014/files/sep.sample-processing-and-separation-techniques-ontology.2.owl.xml_functional.owl,false,false,false
ore2014/files/51bb7cb2-e990-4a5b-bc9c-743ef7081e15__phenotype.owl_functional.owl,false,false,false
ore2014/files/cd993bd4-a3ec-45c4-b8f4-e1dfce21b42c_icusentrez.owl_functional.owl,false,false,false
ore2014/files/approximated_3a506504-9268-42bc-8681-4d09a5d10aac_02wine.owl_functional.owl,false,false,false
ore2014/files/approximated_5ce4039f-7515-4d22-b1b5-8cc98458c243_Mpeg72001.owl_functional.owl,false,false,false
ore2014/files/ac1cc3b1-d518-47bd-ae1b-7b60982dd482_rinusensfm.owl_functional.owl,false,false,false
ore2014/files/b006f4d2-c2f0-45ca-abe8-cfb49ebb855d_ms_biology.owl_functional.owl,false,false,false
ore2014/files/44abf405-28c2-40f6-bf5f-ed01b4405bd8_phenotype.owl2_functional.owl,false,false,false
ore2014/files/84e3ac05-2b9d-436a-b716-491ca3b4e8be_imals_TREE.owl_functional.owl,false,false,false
ore2014/files/96be13bb-63ca-46f1-a747-469a05169061_onLanguage.owl_functional.owl,false,false,false
ore2014/files/approximated_844cdbf2-dc80-4f98-a8cb-9b0033c14c8f_foot.owl_functional.owl,false,false,false
ore2014/files/approximated_6dbe1d8b-68fc-4da7-b2f4-88a5e345b5d0_sparqlmotion_functional.owl,false,false,false
ore2014/files/ea684dbf-d36b-4f7c-b5dd-a71687b2dafa_type.rdf_functional.owl,false,false,false
ore2014/files/077c8aaf-3813-4cec-b2a4-cdf6c82366e2_inalistype.owl_functional.owl,false,false,false
ore2014/files/4d4e32df-26e5-4020-b802-be1f3205a038_ls_DAG_1_3.owl_functional.owl,false,false,false
ore2014/files/8c007d70-27aa-4110-b1d6-6b54d35408da_mbepanther.owl_functional.owl,false,false,false
ore2014/files/approximated_a52441a3-9877-4c93-bfc5-dc5f9d5434b8_functionsafn_functional.owl,false,false,false
ore2014/files/08af329b-613b-4c0f-b1dc-7883581ffe98_sbf.owl_functional.owl,false,false,false
ore2014/files/898ae855-4e43-42c0-bc4c-e2e202e8185c_nsequivmod.owl_functional.owl,false,false,false
ore2014/files/07dbe207-ab0b-4570-8579-04296a7bc115_ernational.rdf_functional.owl,false,false,false
ore2014/files/b1e7d208-8560-49fa-b216-724b3ff84105_NIFChemical.owl_functional.owl,false,false,false
ore2014/files/f0912635-b51b-4fd3-8785-d15c2e6e9504_iensentrez.owl_functional.owl,false,false,false
ore2014/files/approximated_e53a3312-f717-413c-a89d-dabae2cbae01_nitf33onto.owl_functional.owl,false,false,false
ore2014/files/ad8735f1-9e26-4942-aab8-21b056939a89__phenotype.owl_functional.owl,false,false,false
ore2014/files/approximated_26212d1d-e8ea-4432-a5a5-f8f393d19d51_dcrlink_new.rdf_functional.owl,false,false,false
ore2014/files/b7925e15-27e0-46f4-b422-2ce385f9a436_ulusentrez.owl_functional.owl,false,false,false
ore2014/files/approximated_00549.owl_functional.owl,false,false,false
ore2014/files/c8c9ccf9-1d12-45fa-b8e6-d82097fadff7_na_symptom.obo_functional.owl,false,false,false
ore2014/files/1578c4c7-2fda-4345-9e86-a5dcc5d62fea_allusensfm.owl_functional.owl,false,false,false
ore2014/files/7e1a735c-e30b-4256-9d4c-1477ad4ee19d_go.rdf_functional.owl,false,false,false
ore2014/files/approximated_kb-owl-syntax-unraveled-depth-0-cardinalities-disjointness-triggers.ofn_functional.owl,false,false,false
ore2014/files/47ebd7d9-36a5-4abb-a277-81de03b22713_unit.owl_functional.owl,false,false,false
ore2014/files/3316f171-44e6-4fe0-90e5-25e2a6307ce3_hpsimple.owl_functional.owl,false,false,false
ore2014/files/pedterm.pediatric-terminology.5.owl.xml_functional.owl,false,false,false
ore2014/files/7039d759-3a0f-434c-8e3c-0b14787ccb53_Kaiko_LSCOM.owl_functional.owl,false,false,true
ore2014/files/1e866e79-6433-4e6f-899f-901a3598f3c0_EBI_import.owl_functional.owl,false,false,false
ore2014/files/852b96a9-51a8-4a47-9da0-31ac8b0edab8_es_bridge.owl2_functional.owl,false,false,false
ore2014/files/approximated_81e8eb63-b9fe-4c50-b8fc-ec200fea1969_spinbox_functional.owl,false,false,false
ore2014/files/meo.metagenome-and-microbes-environmental-ontology.8.owl.xml_functional.owl,false,false,false
ore2014/files/approximated_pdo.pathogenic-disease-ontology.3.owl.xml_functional.owl,false,false,false
ore2014/files/da44abd3-6d13-4c8a-a0b7-ab2dadc45e56_putational.owl_functional.owl,false,false,false
ore2014/files/76f9d20a-cb2c-41bb-9db6-bc1a04411375_protlabels.obo_functional.owl,false,false,false
ore2014/files/7405c40c-0064-4b0f-b3d0-a42bfda329b7_oid_import.owl_functional.owl,false,false,false
ore2014/files/ebe1876a-3917-4ca1-bb67-6e018a07b5b8_tableprimitive_functional.owl,false,false,false
ore2014/files/c73d0cdf-0795-4458-b04c-96b9f17ed178_flow.owl_functional.owl,false,false,false
ore2014/files/660a2d00-2683-40f4-93a4-df657353cd49_beequivmod.owl_functional.owl,false,false,false
ore2014/files/18777b02-f203-491b-b1eb-458281c64d58_imitive2.0.owl_functional.owl,false,false,false
ore2014/files/0707be50-bd13-400e-9664-5a058bfeac93_umls.owl_functional.owl,false,false,false
ore2014/files/50006c8a-cc47-4baf-8cb6-a309fdb6a1cb_culuschrom.owl_functional.owl,false,false,false
ore2014/files/e39dad8c-77b2-44bd-b5fe-a57de334a5ab_PICO2.owl_functional.owl,false,false,false
ore2014/files/545cf85b-267f-4ca7-8bd2-80f8282da824_8456544745.rdf_functional.owl,false,false,false
ore2014/files/0d0326ee-0d02-4ec8-9bf5-e05ecbf8927f_OpenDrama.owl_functional.owl,false,false,false
ore2014/files/approximated_1607d95c-2bde-46fb-be00-ba850f38d97e_01food.owl_functional.owl,false,false,false
ore2014/files/98b7f627-dcef-4a7c-9f15-a2e5db6ffea2_arinustype.owl_functional.owl,false,false,false
ore2014/files/0114a86b-8bbc-405d-8663-609831436cc3__phenotype.owl_functional.owl,false,false,false
ore2014/files/1ccae797-8b90-4f8d-a03b-326a7906e885_leInferred.owl_functional.owl,false,false,false
ore2014/files/e79238fa-8f1b-45d8-8305-3b3528b3075a_s_musculus.owl_functional.owl,false,false,false
ore2014/files/50ec7747-8d72-4365-b680-5a2deb59212c_imitive2.0.owl_functional.owl,false,false,false
ore2014/files/approximated_dc5f955e-2cce-4045-94e9-a005e287a311_doc15.rdf_functional.owl,false,false,false
ore2014/files/1cf51054-da0f-4186-ad5c-1f10e4e2f4da_imitive1.0.owl_functional.owl,false,false,false
ore2014/files/284b2c2d-9bd4-4417-989e-2aad9564eef1_protlabels.owl_functional.owl,false,false,false
ore2014/files/edda.edda-study-design-terminology.3.owl.xml_functional.owl,false,false,false
ore2014/files/86e821ce-40cb-4208-b4ac-1737cd386470_chebi_roles.owl_functional.owl,false,false,false
ore2014/files/99bba4d3-6998-48b7-a1ed-a334016cdb7c_doc16.rdf_functional.owl,false,false,false
ore2014/files/9f90c468-a43f-4551-b9ab-1421344f1557_temp.owl_functional.owl,false,false,false
ore2014/files/b3773501-991f-490c-8f06-1b5bcd171b54_uosimple.owl_functional.owl,false,false,false
ore2014/files/approximated_3af04830-8401-4ed1-b61a-98600dda85f5_complex2.0.owl_functional.owl,false,false,false
ore2014/files/dd01461e-0403-4bd7-8636-7eb6695ca443_rerioensfm.owl_functional.owl,false,false,false
ore2014/files/approximated_d5af2a7f-62a8-4ee3-899f-883187d6d817_owlrl_functional.owl,false,false,false
ore2014/files/a0d8a9a9-8931-4191-96d6-09cfa754432c_nsc.rdfxml.owl_functional.owl,false,false,false
ore2014/files/e868239e-b519-42e5-807c-a017aea2e208_usequivmod.owl_functional.owl,false,false,false
ore2014/files/218a127c-8d13-40af-9957-63c28b0a091e_elontology.owl_functional.owl,false,false,false
ore2014/files/00361.owl_functional.owl,false,false,false
ore2014/files/5825782a-34f3-4b04-8776-6ea76c798da9_phOntology.rdf_functional.owl,false,false,false
ore2014/files/d373a56f-2522-4161-aad8-52a3741fc815_e.obo.PREVIOUS_functional.owl,false,false,false
ore2014/files/e4d5ac24-4584-4e60-be20-3c4b99276bfb_condition_3.owl_functional.owl,false,false,false
ore2014/files/dce07111-010a-450b-8c3a-2d55a8b48a21_LSCOM.owl_functional.owl,false,false,false
ore2014/files/544b554a-a9d6-48d1-85f2-1bbe3518256f_sterentrez.owl_functional.owl,false,false,false
ore2014/files/09d9eca5-e016-4f66-8f16-bee1ec386eb1_protlabels.owl_functional.owl,false,false,false
ore2014/files/18ac135f-1808-4448-b05b-9802751af468_en_protege.owl_functional.owl,false,false,false
ore2014/files/02544518-4782-4794-93b8-2b7556fbdab3_agrovoc.owl_functional.owl,false,false,false
ore2014/files/2ca84707-732c-46e4-a101-2928a00da37f_lgcl.rdfs_functional.owl,false,false,false
ore2014/files/48efbee9-26c7-4142-8f2c-6ea556331652_ombeentrez.owl_functional.owl,false,false,false
ore2014/files/approximated_1a31515c-337b-4308-9674-fcf854f78cc9_mecv.owl_functional.owl,false,false,false
ore2014/files/3f884a7e-4520-49fb-b716-1f2dd2bea719_ields_Core.owl_functional.owl,false,false,false
ore2014/files/chd.congenital-heart-defects-ontology.5.owl.xml_functional.owl,false,false,false
ore2014/files/78859238-49df-4849-8937-0ccea0678c03_atol_v6.owl_functional.owl,false,false,false
ore2014/files/2d09369e-392a-4ef2-a7c9-28334cbdc6f8_ddex.owl_functional.owl,false,false,true
ore2014/files/approximated_kb-owl-syntax-unraveled-depth-0-triggers-constant-classes-value-classes.ofn_functional.owl,false,false,false
ore2014/files/800c5de6-4e11-429a-890f-c6d1bfcbd66b_6_OMNIA_v6.owl_functional.owl,false,false,false
ore2014/files/8585e08e-9d84-4e0f-8f3f-96e7fd09acdd_micmarkers.ttl_functional.owl,false,false,false
ore2014/files/4102e81e-32f4-449c-894b-6009d28635a0_cuspanther.owl_functional.owl,false,false,false
ore2014/files/914b19db-9f30-43ea-a622-1a8413082774_le_biology.owl_functional.owl,false,false,false
ore2014/files/edd6a66a-b8bf-4719-93cb-43be2a14b03d_icalistype.owl_functional.owl,false,false,false
ore2014/files/4b87b312-912e-4c37-a07d-1f06121c68a3_csontology.owl_functional.owl,false,false,false
ore2014/files/c6fe1d07-3a65-44b7-bb6e-5be86e59feaa_pr_import.owl_functional.owl,false,false,false
ore2014/files/f2c0e1a2-ce56-4674-9931-2619c6b0c014_gleIBridge.owl_functional.owl,false,false,false
ore2014/files/13173a47-2d10-4698-bc13-0dcd5669f7d8_alisentrez.owl_functional.owl,false,false,false
ore2014/files/approximated_4bfd6c03-5835-42d7-902d-dd28a8635114_FN1.1.rdf_functional.owl,false,false,false
ore2014/files/462874ff-75f3-459e-8b82-256358577fdf_alianatype.owl_functional.owl,false,false,false
ore2014/files/7f50ba2e-fc37-4eda-bc5b-6169f6e1f70b_us.owl_functional.owl,false,false,false
ore2014/files/00568.owl_functional.owl,false,false,false
ore2014/files/7b125a28-5a9e-4010-9596-ee57546669e3_mo_sapiens.obo_functional.owl,false,false,false
ore2014/files/80c6d8a7-ec0e-4365-82a3-9230679c1acc_nalischrom.owl_functional.owl,false,false,false
ore2014/files/f286f720-f57b-4cda-9f17-494b5ad64ea5_dreasoned.rdfs_functional.owl,false,false,false
ore2014/files/a3052688-5243-4a2a-9638-fc393b50b43d_csontology.owl_functional.owl,false,false,false
ore2014/files/cc326d98-1b73-4173-9b6f-c0a7be7c21f4_4577.rdf_functional.owl,false,false,false
ore2014/files/4d9b64fb-76b1-4c42-9a97-221f234475ba_symp.obo_functional.owl,false,false,false
ore2014/files/approximated_kb-owl-syntax-unraveled-depth-0-cardinalities-triggers-constant-classes-value-classes.ofn_functional.owl,false,false,false
ore2014/files/soy.soy-ontology.2.owl.xml_functional.owl,false,false,false
ore2014/files/approximated_c6e552f0-502b-4de0-8c3d-10f43032b0cb_sudoku9c.owl_functional.owl,false,false,false
ore2014/files/approximated_015e0fd4-bede-40a3-8406-3dfc6fc6a8dd_all.rdf_functional.owl,false,false,false
ore2014/files/35ecb729-aba2-4be6-b883-e6df8334665f_entdiagram.rdf_functional.owl,false,false,false
ore2014/files/9fefee31-96df-4d71-b95b-b7def560dec9_imitive1.0.owl_functional.owl,false,false,false
ore2014/files/approximated_674f39d8-fe7f-4bb6-b866-bdb6abc6ae90_functionssmf_functional.owl,false,false,false
ore2014/files/8dea6909-e11f-44a5-b969-0086de407b74_leganstype.owl_functional.owl,false,false,false
ore2014/files/3299a769-a614-410d-8733-5883df30fd5b_bjectsOnto.owl_functional.owl,false,false,false
ore2014/files/1d35b4fa-9812-44d0-adf9-68cde31d8273_SYMP_functional.owl,false,false,false
ore2014/files/69c07f76-4b61-4534-9927-31ec4d8f5038_AAkeysv1.0.n3_functional.owl,false,false,false
ore2014/files/43c7707e-12b7-4146-bbcd-f38f68be7413_asterensfm.owl_functional.owl,false,false,false
ore2014/files/70ac7a75-12ff-4f63-a681-79baab8399c3_TopoCarto2.owl_functional.owl,false,false,false
ore2014/files/approximated_kb-owl-syntax-unraveled-depth-0-disjointness-triggers-constant-classes-value-nominals.ofn_functional.owl,false,false,false
ore2014/files/d56d19fb-adde-4057-b664-5cbf458d58bd_xon_import.owl_functional.owl,false,false,false
ore2014/files/00644.owl_functional.owl,false,false,false
ore2014/files/94cac71f-5673-4dc0-804f-59438e6b5077_resist_functional.owl,false,false,false
ore2014/files/297f52f1-83da-4508-885a-82c37e7f15d3_atol_v6.owl_functional.owl,false,false,false
ore2014/files/e08840ce-9b69-4ab8-83df-d775c985701c_SUMO.owl_functional.owl,false,false,false
ore2014/files/00280.owl_functional.owl,false,false,false
ore2014/files/94738639-fe1a-474b-aa43-a6e54cccfb85_lgbcl.rdfs_functional.owl,false,false,false
ore2014/files/approximated_235b03f4-be99-4075-af99-3e7c23f5ddb1_ngroupings.owl_functional.owl,false,false,false
ore2014/files/approximated_b006f4d2-c2f0-45ca-abe8-cfb49ebb855d_ms_biology.owl_functional.owl,false,false,false
ore2014/files/83908b3f-ff09-49e4-a85d-dac7f51e3c99_tygmlcodes.owl_functional.owl,false,false,true
ore2014/files/approximated_kb-owl-syntax-unraveled-depth-0-km-relevant-cardinalities-triggers-constant-classes-value-classes.ofn_functional.owl,false,false,false
ore2014/files/f07ff4e6-e178-4ad2-8f96-f524452ed26f_mdplatform.owl_functional.owl,false,false,false
ore2014/files/approximated_43d8439b-7919-41cf-b08f-ae91f9c6de05_ictablecomplex_functional.owl,false,false,false
ore2014/files/approximated_00644.owl_functional.owl,false,false,false
ore2014/files/7de66d0b-dfdc-49f1-a3d7-dc1a22905d3d_output4.owl_functional.owl,false,false,false
ore2014/files/4881c510-be9f-48bc-b503-ce965aec73b5_00499.owl_functional.owl,false,false,false
ore2014/files/1bebb1d6-7fbf-4634-af0d-9fd70f878427_ts_DAG_1_3.owl_functional.owl,false,false,false
ore2014/files/5f90abfd-c51c-4181-bc46-febdcf01bb86_s_musculus.owl_functional.owl,false,false,false
ore2014/files/29797625-923b-499f-ab03-18ac5b175bec_ontology.owl_functional.owl,false,false,false
ore2014/files/3ff6a8f3-3277-4369-ad8b-bc3a9d0e7757_erioentrez.owl_functional.owl,false,false,false
ore2014/files/cca58b06-774c-4b2c-9e97-998c039b9f5c_dence_code.owl_functional.owl,false,false,false
ore2014/files/approximated_ebc92bd6-86cf-440a-be5e-34b6db08a0d2_sonMapping.owl_functional.owl,false,false,false
ore2014/files/045fb2e6-2291-464f-97d2-4e1a1f8c7945_YPO.owl_functional.owl,false,false,false
ore2014/files/abe40193-c3bf-422e-8a5d-e7c2dca027e8_goslim2.0.owl_functional.owl,false,false,false
ore2014/files/8d621077-1a0d-486c-9860-df6663dd8cc8_usequivmod.owl_functional.owl,false,false,false
ore2014/files/approximated_a5f5b372-4902-4a49-80a6-51eec1c80b63_mecv.owl_functional.owl,false,false,false
ore2014/files/32a9dfb3-7b19-4e74-81bb-122828d6980f_instrument.owl_functional.owl,false,false,false
ore2014/files/46793b6a-fac5-4e9a-83e3-0092c9509223_mo_sapiens.owl_functional.owl,false,false,false
ore2014/files/1f853c87-59ec-4258-a230-0db909147213_csontology.owl_functional.owl,false,false,false
ore2014/files/approximated_045fb2e6-2291-464f-97d2-4e1a1f8c7945_YPO.owl_functional.owl,false,false,false
ore2014/files/87f47f77-edd3-4ad4-b19e-1e2bf296dc60_iso20022.owl_functional.owl,false,false,false
ore2014/files/a6e31b27-2a8e-479f-ba61-9ed72be02a4c_naics.owl_functional.owl,false,false,false
ore2014/files/243f4450-8be7-49bd-a736-00914f88e2ae_s1.owl_functional.owl,false,false,false
ore2014/files/approximated_9192d403-e4b4-4a77-ab24-e75b66be0e73_EV_functional.owl,false,false,false
ore2014/files/333eaf81-44d3-4f33-a2f1-b3646a0e4465_entmaproom.owl_functional.owl,false,false,false
ore2014/files/cd185fbf-93c6-4e7a-9c9a-d6a66e2571c9_i_DAG_0_99.owl_functional.owl,false,false,false
ore2014/files/746f8f1d-429f-480e-8197-d9bd1798c48f_rinuschrom.owl_functional.owl,false,false,false
ore2014/files/35f4a78e-9c89-4d5c-a31d-169ec5c9820d_pacs.rdf_functional.owl,false,false,false
ore2014/files/43ee95af-fb0f-48f6-84ce-ec62fc0877fe_condition_2.owl_functional.owl,false,false,false
ore2014/files/48386724-2e8f-4b68-a9f3-818b4acca7a6_rialentity.owl_functional.owl,false,false,false
ore2014/files/444a3020-7ef8-4893-aa7f-d555311a37bb_ysfunction.owl_functional.owl,false,false,false
ore2014/files/approximated_06e042ed-6e64-4cad-9bcf-4653d5b467ba_geobase.owl_functional.owl,false,false,true
ore2014/files/dbd8425a-6fc1-4d71-86e6-f63df9512381_sculustype.owl_functional.owl,false,false,false
ore2014/files/05cef0ca-8f79-453a-90f8-6267336b6cca__phenotype.owl_functional.owl,false,false,false
ore2014/files/approximated_kb-owl-syntax-unraveled-depth-0-cardinalities-disjointness-triggers-constant-classes-value-nominals.ofn_functional.owl,false,false,false
ore2014/files/kb-owl-syntax-unraveled-depth-0-km-relevant-cardinalities-constant-classes-value-classes.ofn_functional.owl,false,false,false
ore2014/files/mixscv.minimal-information-about-any-sequence-mixs-controlled-vocabularies.2.owl.xml_functional.owl,false,false,false
ore2014/files/3d929d33-af44-46ba-bcf3-bb7aaada18f0_egansensfm.owl_functional.owl,false,false,false
ore2014/files/mp.mammalian-phenotype-ontology.281.owl.xml_functional.owl,false,false,false
ore2014/files/197238bf-04f0-4d6f-b053-2787e5b5492a_y.obo.PREVIOUS_functional.owl,false,false,false
ore2014/files/e3008e4f-08cd-4e56-b0ef-a5212f7df534_uo.owl_functional.owl,false,false,false
ore2014/files/hp.human-phenotype-ontology.442.owl.xml_functional.owl,false,false,false
ore2014/files/b3cf5de9-d697-40b3-b0e0-9d7e6be920df_c_DAG_0_99.owl_functional.owl,false,false,false
ore2014/files/56ee16af-621c-47ec-9e66-17cd1f4c2776_zdm.rdf_functional.owl,false,false,false
ore2014/files/fad36681-5831-4d92-a4ec-4ca820e7c40c_omim_do.obo_functional.owl,false,false,false
ore2014/files/ncco.nursing-care-coordination-ontology.1.owl.xml_functional.owl,false,false,false
ore2014/files/ed22d62d-9dde-4806-98d5-dd6d88de1882_gyInferred.owl_functional.owl,false,false,false
